Rank,Title,Year,Director,Primary_Genre,Synopsis,Major_Awards,Key_Sources,Favorite,Watchlist,Rating,RatingTimestamp
1,Amour,2012,Michael Haneke,Drama,An elderly retired music teacher cares for his wife after she suffers a series of strokes and their bond is tested to its limits in Hanekes devastating masterpiece about love mortality and dignity.,Cannes Palme dOr; Oscar Best Foreign Language Film; Oscar nom Best Picture + Director + Actress (Riva); BAFTA Foreign; Golden Globe Foreign; MC 94 RT 93; Riva Trintignant; Hanekes crowning achievement,"Cannes Film Festival, Academy Awards, BAFTA, Golden Globes, Metacritic",,1,,
2,Argo,2012,Ben Affleck,Thriller/Drama,A CIA exfiltration specialist poses as a Hollywood producer scouting locations for a fake sci-fi film to rescue six American diplomats hiding in Tehran during the 1979 hostage crisis.,Oscar Best Picture + Adapted Screenplay + Film Editing; BAFTA Best Film + Director; Golden Globe Drama + Director; MC 86 RT 96; Affleck directing triumph,"Academy Awards, BAFTA, Golden Globes, Metacritic, Rotten Tomatoes",,,4,2026-04-02T07:39:25.330Z
3,Silver Linings Playbook,2012,David O. Russell,Comedy/Drama,A man recovering from a mental health crisis moves back in with his parents and forms an unlikely bond with a young widow as they prepare for a dance competition.,Oscar Actress (Lawrence); TIFF Peoples Choice; Spirit Best Feature + Director + Female Lead + Screenplay; 8 Oscar noms; MC 81 RT 92; Lawrence Cooper De Niro,"Academy Awards, TIFF, Independent Spirit Awards, Metacritic",,,4,2026-04-02T07:39:28.233Z
4,Beasts of the Southern Wild,2012,Benh Zeitlin,Drama/Fantasy,A six-year-old girl and her fiercely independent father face a rising flood and mythic creatures in a forgotten Louisiana bayou community in Zeitlins visionary debut.,Sundance Grand Jury Prize; Cannes Camera dOr; 4 Oscar noms (Picture Director Actress Adapted Screenplay); MC 86 RT 86; Wallis youngest Best Actress nominee; magical realism,"Sundance, Cannes Film Festival, Academy Awards, Metacritic",,1,,
5,5 Broken Cameras,2012,Emad Burnat and Guy Davidi,Documentary,A Palestinian farmer documents five years of nonviolent resistance in his West Bank village through five cameras each destroyed by Israeli forces.,Oscar nom Documentary; RT 92 MC 81; Sundance World Cinema Director Documentary; co-directed Palestinian-Israeli; protest cinema; personally dangerous filmmaking,"Academy Awards, Sundance Film Festival, Metacritic, Rotten Tomatoes",,1,,
6,Lincoln,2012,Steven Spielberg,Drama/Biopic,President Abraham Lincoln navigates the treacherous political landscape to pass the Thirteenth Amendment abolishing slavery during the final months of the Civil War.,Oscar Actor (Day-Lewis) + Production Design; 12 Oscar noms; Golden Globe Actor; MC 87 RT 89; Day-Lewis third Oscar; Field Jones; Spielberg and Kushner collaboration,"Academy Awards, Golden Globes, Metacritic, Rotten Tomatoes",,1,,
7,Caesar Must Die,2012,Paolo Taviani and Vittorio Taviani,Drama,Maximum security inmates at Romes Rebibbia prison rehearse and perform Julius Caesar and the play bleeds into their own lives of betrayal and violence.,Berlin Golden Bear; RT 90 MC 72; Taviani brothers late masterwork; prison Shakespeare; documentary-fiction hybrid; Italian neorealism legacy; deeply moving,"Berlin Film Festival, Metacritic, Rotten Tomatoes, IndieWire",,,,
8,Pieta,2012,Kim Ki-duk,Drama/Thriller,A ruthless loan shark who cripples debtors for insurance payouts is approached by a woman claiming to be the mother who abandoned him at birth in Kim Ki-duks savage Korean revenge parable.,Venice Golden Lion; RT 71 MC 62; Kim Ki-duk comeback; mother-son perversity; Korean revenge cinema; Venice upset winner; brutal and uncompromising,"Venice Film Festival, Metacritic, Rotten Tomatoes, IndieWire",,,,
9,Life of Pi,2012,Ang Lee,Adventure/Drama,A young Indian man recounts his extraordinary survival story of 227 days stranded on a lifeboat in the Pacific Ocean with a Bengal tiger in Lees visually transcendent adaptation.,Oscar Director + Cinematography + Score + VFX (4 wins); 11 Oscar noms; Golden Globe Score + Song; MC 79 RT 87; $609M on $120M; 3D masterclass; Ang Lee triumph,"Academy Awards, Golden Globes, Metacritic, Rotten Tomatoes, Box Office Mojo",,1,,
10,Reality,2012,Matteo Garrone,Comedy/Drama,A Neapolitan fishmonger becomes obsessed with auditioning for the Big Brother television show and his fixation consumes his life in Garrones satirical fable of fame culture.,Cannes Grand Prix; RT 82 MC 66; Garrone (Gomorrah follow-up); Italian media satire; Kafka meets reality TV; Neapolitan absurdism; Cannes crowd-pleaser,"Cannes Film Festival, Metacritic, Rotten Tomatoes, IndieWire",,,,
11,Searching for Sugar Man,2012,Malik Bendjelloul,Documentary,The extraordinary true story of Sixto Rodriguez a forgotten American folk musician who unknowingly became a cultural icon in apartheid-era South Africa is uncovered.,Oscar Best Documentary Feature; Sundance World Cinema Audience; BAFTA Documentary; RT 95 MC 73; Bendjelloul; musical mystery; truth stranger than fiction,"Academy Awards, Sundance Film Festival, BAFTA, Metacritic",,,,
12,The Angels Share,2012,Ken Loach,Comedy/Drama,A young Glaswegian father with a violent past discovers a talent for whisky tasting and hatches a heist plan to steal a cask of priceless single malt in Loachs warmhearted caper.,Cannes Jury Prize; RT 87 MC 72; Loach comic mode; Glasgow working class; whisky culture; social realism meets heist comedy; Paul Laverty script,"Cannes Film Festival, Metacritic, Rotten Tomatoes, Box Office Mojo",,,,
13,The Sessions,2012,Ben Lewin,Drama/Comedy,A polio survivor confined to an iron lung hires a sex surrogate to help him lose his virginity in Lewins warm and candid true-life drama about desire and disability.,Sundance Audience Dramatic; Oscar nom Supporting Actress (Hunt); Spirit Male Lead (Hawkes) + Supporting Female (Hunt); RT 88 MC 75; Hawkes extraordinary,"Sundance, Academy Awards, Independent Spirit Awards, Metacritic",,,,
14,The Invisible War,2012,Kirby Dick,Documentary,The epidemic of sexual assault within the United States military is exposed through the testimony of survivors and the institutional failures that enable it.,Sundance Audience Documentary; Oscar nom Documentary; RT 97 MC 83; Dick investigative power; military reform catalyst; testimony shattering; politically impactful,"Sundance Film Festival, Academy Awards, Metacritic, Rotten Tomatoes",,,,
15,Django Unchained,2012,Quentin Tarantino,Western/Action,A freed slave teams with a German bounty hunter to rescue his wife from a brutal Mississippi plantation owner in Tarantinos audacious revisionist revenge western.,Oscar Original Screenplay + Supporting Actor (Waltz); BAFTA Original Screenplay; Golden Globe Screenplay; MC 81 RT 87; $426M; Foxx DiCaprio Waltz; Tarantino at his most provocative,"Academy Awards, BAFTA, Golden Globes, Metacritic, Box Office Mojo",1,,5,2026-04-02T07:40:35.740Z
16,Moonrise Kingdom,2012,Wes Anderson,Comedy/Drama,Two twelve-year-olds fall in love and run away together on a New England island sparking a search party of adults in Andersons enchanting storybook romance.,Cannes opening film; Oscar nom Original Screenplay; MC 84 RT 93; Anderson at his most tender; Norton Willis Murray; childhood fantasy perfected; $68M indie hit,"Cannes Film Festival, Academy Awards, Metacritic, Rotten Tomatoes",,,,
17,No,2012,Pablo Larrain,Drama/History,An advertising executive leads the campaign to defeat Augusto Pinochet in Chiles 1988 referendum using the unlikely weapon of optimistic television commercials in Larrains inventive political drama.,Oscar nom Foreign Language; Cannes Directors Fortnight; RT 93 MC 82; Gael Garcia Bernal; Chilean history; U-matic video aesthetic; advertising as revolution,"Academy Awards, Cannes Film Festival, Metacritic, Rotten Tomatoes",,,,
18,Skyfall,2012,Sam Mendes,Action/Thriller,James Bond must track down and destroy a former MI6 agent who threatens to expose undercover operatives while confronting his own past in Mendes franchise-revitalizing espionage thriller.,Oscar Song (Adele Skyfall) + Sound Editing; BAFTA Outstanding British Film; $1.108B worldwide; Bond franchise peak; MC 81 RT 92; Bardem villain; Deakins cinematography,"Academy Awards, BAFTA, Metacritic, Rotten Tomatoes, Box Office Mojo",,,3,2026-04-02T07:40:39.610Z
19,Zero Dark Thirty,2012,Kathryn Bigelow,Thriller/Drama,A CIA analyst spends a decade pursuing leads on the whereabouts of Osama bin Laden culminating in the Navy SEAL raid on his Abbottabad compound in Bigelows meticulous procedural.,Oscar Sound Editing; 5 Oscar noms; MC 95; Chastain career-defining; torture debate; Bigelow precision; politically explosive; greatest thriller of the decade,"Academy Awards, Metacritic, Rotten Tomatoes, IndieWire",,,4,2026-04-02T07:41:13.269Z
20,The Act of Killing,2012,Joshua Oppenheimer,Documentary,Indonesian death squad leaders are invited to reenact their mass killings in the style of their favorite movie genres in Oppenheimers unprecedented documentary confrontation.,Sundance Director Documentary; RT 96 MC 89; Oppenheimer; genocide confrontation; perpetrators as auteurs; Herzog and Morris executive produced; documentary landmark,"Sundance Film Festival, Metacritic, Rotten Tomatoes, IndieWire",,1,,
21,How to Survive a Plague,2012,David France,Documentary,The early years of ACT UP and TAG and their fight to turn AIDS from a death sentence into a manageable condition are documented through extraordinary archival footage.,Oscar nom Documentary; RT 99 MC 83; France debut; AIDS activism history; archival documentary; ACT UP story definitive; politically vital; emotionally devastating,"Academy Awards, Metacritic, Rotten Tomatoes, IndieWire",,,,
22,Fill the Void,2012,Rama Burshtein,Drama/Romance,An eighteen-year-old ultra-Orthodox woman in Tel Aviv is pressured to marry her deceased sisters husband in Burshteins intimate debut from within the Hasidic community.,Venice Volpi Best Actress (Yaron); Spirit Best First Screenplay; RT 89 MC 72; Burshtein insider perspective; arranged marriage; Yaron luminous; Israeli cinema gem,"Venice Film Festival, Independent Spirit Awards, Metacritic, Rotten Tomatoes",,,,
23,A Royal Affair,2012,Nikolaj Arcel,Drama/History,A young queen her lovers affair with a progressive German physician and their radical reforms threaten the Danish court in Arcels sumptuous Enlightenment-era political drama.,Berlin Best Actor (Folsgaard) + Best Screenplay; Oscar nom Foreign Language; RT 88 MC 72; Mikkelsen Vikander; Danish history; court intrigue; Arcel debut,"Berlin Film Festival, Academy Awards, Metacritic, Rotten Tomatoes",,,,
24,Sleepwalk with Me,2012,Mike Birbiglia,Comedy/Drama,A struggling comedian whose sleepwalking disorder worsens as he avoids confronting his failing relationship and career anxieties tours the country in Birbiglias autobiographical debut.,Sundance NEXT Audience; RT 93 MC 71; Birbiglia; Ira Glass produced; stand-up comedy and sleep disorder; charming and honest; This American Life spin-off,"Sundance Film Festival, Metacritic, Rotten Tomatoes, IndieWire",,,,
25,Middle of Nowhere,2012,Ava DuVernay,Drama,A medical student puts her life on hold to support her incarcerated husband and slowly discovers her own identity in DuVernays quietly powerful character study.,Sundance Director Award (for DuVernay first Black woman to win); Spirit Cassavetes Award; RT 86 MC 76; DuVernay pre-Selma; Oyelowo; Black female interiority,"Sundance Film Festival, Independent Spirit Awards, Metacritic, Rotten Tomatoes",,,,
26,War Witch,2012,Kim Nguyen,Drama/War,A fourteen-year-old girl abducted by rebel soldiers in sub-Saharan Africa and forced to fight as a child soldier is haunted by visions of the dead in Nguyens harrowing drama.,Berlin Best Actress (Mwanza); Oscar nom Foreign Language; RT 83 MC 70; Congolese child soldiers; Mwanza extraordinary non-professional; Canadian-African co-production,"Berlin Film Festival, Academy Awards, Metacritic, Rotten Tomatoes",,,,
27,The House I Live In,2012,Eugene Jarecki,Documentary,The devastating impact of Americas War on Drugs on communities families and the prison system is exposed through personal stories and systemic analysis.,Sundance Grand Jury Documentary; RT 89 MC 72; Jarecki investigative documentary; mass incarceration; drug war history; David Simon appears; policy critique,"Sundance Film Festival, Metacritic, Rotten Tomatoes, IndieWire",,,,
28,Wreck-It Ralph,2012,Rich Moore,Animation/Comedy,A video game villain tired of being the bad guy crashes into other games searching for a heroic role and discovers a glitch who needs his help in Disneys inventive animated adventure.,Oscar nom Animated Feature; Golden Globe nom; RT 87 MC 72; $471M on $165M; video game nostalgia; Disney Animation renaissance begins; Reilly Silverman,"Academy Awards, Metacritic, Rotten Tomatoes, Box Office Mojo",,,,
29,Mud,2012,Jeff Nichols,Drama/Adventure,Two boys in Arkansas discover a fugitive hiding on a Mississippi River island and agree to help him reunite with his girlfriend in Nichols Twain-esque coming-of-age tale.,Cannes competition; RT 98 MC 76; McConaughey McConaissance continues; Nichols Americana; Tye Sheridan breakout; Southern Gothic; river mythology; Cannes hit,"Cannes Film Festival, Metacritic, Rotten Tomatoes, IndieWire",,1,,
30,The Master,2012,Paul Thomas Anderson,Drama,A traumatized WWII veteran falls under the spell of a charismatic cult leader and their volatile relationship becomes a battle of wills in PTAs mesmerizing character study.,Venice Silver Lion Director; Venice Volpi Best Actor (Hoffman & Phoenix); RT 86 MC 86; Phoenix Hoffman Adamsextraordinary; 70mm photography; Scientology parallels,"Venice Film Festival, Metacritic, Rotten Tomatoes, Sight and Sound",,1,,
31,The Hunt,2012,Thomas Vinterberg,Drama,A kindergarten teacher in a small Danish town is falsely accused of sexually abusing a child and watches his life destroyed by mass hysteria in Vinterbergs devastating moral drama.,Cannes Best Actor (Mikkelsen); MC 77 RT 93; Mikkelsen extraordinary; mob mentality anatomy; Vinterberg masterwork; Danish cinema landmark; agonizing to watch,"Cannes Film Festival, Metacritic, Rotten Tomatoes, Sight and Sound",,1,,
32,The Imposter,2012,Bart Layton,Documentary/Thriller,A French con artist who impersonated a missing Texas teenager is exposed but the familys willingness to accept him raises darker questions in Laytons gripping true-crime doc.,BAFTA nom Documentary; RT 95 MC 74; Layton debut; true-crime documentary as thriller; reconstruction technique; unreliable narrators; jaw-dropping revelations,"BAFTA, Metacritic, Rotten Tomatoes, IndieWire",,,,
33,Barbara,2012,Christian Petzold,Drama/Thriller,An East German doctor banished to a provincial hospital in 1980 for applying for an exit visa plans her escape to the West while drawn into caring for her patients.,Berlin Silver Bear Director; RT 90 MC 85; Petzold Hoss; Berlin School finest; GDR surveillance; moral compromise; Nina Hoss luminous; escape and obligation,"Berlin Film Festival, Metacritic, Rotten Tomatoes, Sight and Sound",,,,
34,Laurence Anyways,2012,Xavier Dolan,Drama/Romance,A literature professor comes out as transgender to her long-term girlfriend and their love is tested over a decade in Dolans ambitious emotionally extravagant epic.,TIFF Best Canadian Feature; Cannes Un Certain Regard; RT 82 MC 71; Dolan third feature at 23; Clement extraordinary; 168-minute runtime; Dolan ambition,"TIFF, Cannes Film Festival, Metacritic, Rotten Tomatoes",,,,
35,Keep the Lights On,2012,Ira Sachs,Drama/Romance,A documentary filmmaker navigates a decade-long relationship with a closeted lawyer battling crack addiction in New York in Sachs unflinching autobiographical gay relationship drama.,Sundance Director Award Dramatic; Teddy Award Berlin; RT 85 MC 76; Sachs most personal; LGBTQ cinema; Booth extraordinary; decade-spanning structure,"Sundance Film Festival, Berlin Film Festival, Metacritic, Rotten Tomatoes",,,,
36,Holy Motors,2012,Leos Carax,Drama/Fantasy,A man is driven by limousine to a series of mysterious appointments across Paris where he transforms into different characters in Caraxs surreal ecstatic ode to cinema and performance.,MC 85 RT 91; Lavant extraordinary; Carax long-awaited return; Sight and Sound poll favorite; pure cinema; motion capture sequence; accordion interlude; entr'acte as masterpiece,"Metacritic, Rotten Tomatoes, Sight and Sound, Cahiers du Cinema",,,,
37,Tabu,2012,Miguel Gomes,Drama/Romance,A retired woman in Lisbon discovers that her enigmatic elderly neighbor lived a passionate secret life in colonial Africa in Gomes ravishing two-part meditation on memory and desire.,Berlin Alfred Bauer Prize; MC 79 RT 92; Murnau homage; colonial memory; black-and-white second half; Portuguese cinema revelation; formally audacious; Sight and Sound lists,"Berlin Film Festival, Metacritic, Rotten Tomatoes, Sight and Sound",,,,
38,ParaNorman,2012,Sam Fell and Chris Butler,Animation/Horror,A boy who can speak with the dead must save his town from a centurys-old curse in Laikas delightfully macabre and surprisingly progressive stop-motion adventure.,Oscar nom Animated Feature; RT 89 MC 72; Laika artistry; zombie comedy for kids; LGBTQ representation; stop-motion craftsmanship; Butler debut,"Academy Awards, Metacritic, Rotten Tomatoes, Box Office Mojo",,,,
39,Frankenweenie,2012,Tim Burton,Animation/Horror,A young boy brings his beloved dog back to life with electricity and his classmates attempt similar experiments with disastrous results in Burtons stop-motion homage to classic horror.,Oscar nom Animated Feature; RT 87 MC 74; Burton return to form; black-and-white stop-motion; Whale and Karloff homages; Tim Burton most personal,"Academy Awards, Metacritic, Rotten Tomatoes, Box Office Mojo",,,,
40,Gimme the Loot,2012,Adam Leon,Comedy/Drama,Two teenage graffiti artists in the Bronx hustle to raise money to tag a legendary spot at Citi Field stadium in Leons vibrant micro-budget debut.,Spirit Someone to Watch Award; RT 87 MC 72; Leon debut; Bronx street life; hip-hop culture; micro-budget ingenuity; New York indie; SXSW premiere; effervescent,"Independent Spirit Awards, Metacritic, Rotten Tomatoes, IndieWire",,,,
41,Starlet,2012,Sean Baker,Drama,A young woman befriends an elderly widow in the San Fernando Valley and their unlikely relationship deepens even as secrets threaten it in Bakers compassionate character study.,Spirit Robert Altman Award; RT 86 MC 73; Baker pre-Tangerine and Florida Project; sex work adjacent; Valley setting; Hemingway extraordinary; indie gem,"Independent Spirit Awards, Metacritic, Rotten Tomatoes, IndieWire",,,,
42,The Deep,2012,Baltasar Kormakur,Drama/Thriller,An Icelandic fisherman survives six hours in freezing North Atlantic waters after his boat capsizes in Kormakurs remarkable true survival story.,Iceland Oscar submission; RT 88 MC 67; Kormakur; Icelandic national hero; survival against impossible odds; true story; Iceland landscape; understated heroism,"Metacritic, Rotten Tomatoes, IndieWire, Box Office Mojo",,,,
43,Flight,2012,Robert Zemeckis,Drama,An airline pilot miraculously lands a malfunctioning plane saving nearly every soul aboard but the investigation threatens to expose his secret addiction.,Oscar nom Actor (Washington) + Original Screenplay; RT 78 MC 76; Washington powerful; Zemeckis return to live-action; addiction drama; crash sequence masterful,"Academy Awards, Metacritic, Rotten Tomatoes, Box Office Mojo",,,,
44,The Perks of Being a Wallflower,2012,Stephen Chbosky,Drama/Comedy,A shy introverted freshman is taken under the wings of two charismatic seniors and discovers friendship music and belonging in Chboskys tender adaptation of his own novel.,Spirit Best First Feature; RT 86 MC 67; $107M on $13M; Watson Miller Lerman; tunnel scene iconic; coming-of-age perfection; YA literature adapted right,"Independent Spirit Awards, Metacritic, Rotten Tomatoes, Box Office Mojo",,,2,2026-04-02T07:41:51.607Z
45,Magic Mike,2012,Steven Soderbergh,Comedy/Drama,A veteran male stripper takes a young dancer under his wing and introduces him to the Tampa strip club scene in Soderberghs unexpectedly artful commercial sensation.,Spirit Supporting Male (McConaughey); RT 80 MC 72; $167M on $7M; 24x return; Tatum McConaughey; Soderbergh genre play; McConaissance peak; franchise launched,"Independent Spirit Awards, Metacritic, Rotten Tomatoes, Box Office Mojo",,,2,2026-04-02T07:41:46.840Z
46,The Queen of Versailles,2012,Lauren Greenfield,Documentary,A billionaire timeshare mogul and his trophy wife attempt to build the largest house in America as the 2008 financial crisis destroys their fortune.,Sundance Director Documentary; RT 93 MC 75; Greenfield; wealth and collapse; American Dream satire; Siegel family; recession documentary; revealing and absurd,"Sundance Film Festival, Metacritic, Rotten Tomatoes, IndieWire",,,,
47,Beyond the Hills,2012,Cristian Mungiu,Drama,Two young women raised together in an orphanage are reunited at a remote Romanian monastery where a failed exorcism leads to tragedy in Mungius rigorous true-crime drama.,Cannes Best Actress (Flutur & Stratan) + Best Screenplay; MC 80 RT 85; Mungiu follow-up to 4 Months; Romanian New Wave; institutional horror; devastating,"Cannes Film Festival, Metacritic, Rotten Tomatoes, Sight and Sound",,,,
48,Brave,2012,Mark Andrews and Brenda Chapman,Animation/Fantasy,A headstrong Scottish princess defies tradition and casts a spell that goes wrong threatening to destroy her kingdom in Pixars first female-led adventure.,Oscar Best Animated Feature; RT 78 MC 69; $540M on $185M; Scottish setting; mother-daughter story; Pixar formula; Chapman removed mid-production controversy,"Academy Awards, Metacritic, Rotten Tomatoes, Box Office Mojo",,,3,2026-04-02T07:41:43.748Z
49,Rust and Bone,2012,Jacques Audiard,Drama/Romance,A killer whale trainer who loses both legs in an accident and a struggling single father and bare-knuckle fighter form an unlikely bond in Audiards raw visceral romance.,Cannes competition; RT 82 MC 79; Cotillard Schoenaerts extraordinary; Audiard physicality; disability and desire; Bon Iver soundtrack; emotionally overwhelming,"Cannes Film Festival, Metacritic, Rotten Tomatoes, IndieWire",,,,
50,Kon-Tiki,2012,Joachim Ronning and Espen Sandberg,Adventure/Drama,Norwegian explorer Thor Heyerdahl crosses the Pacific on a balsa-wood raft to prove his theory that South Americans could have settled Polynesia in this stirring true adventure.,Oscar nom Foreign Language; RT 82 MC 62; Norwegian cinema; true adventure; practical effects; Heyerdahl legacy; Ronning Sandberg pre-Pirates 5,"Academy Awards, Metacritic, Rotten Tomatoes, Box Office Mojo",,,,
51,Like Someone in Love,2012,Abbas Kiarostami,Drama,A young Tokyo call girl visits an elderly retired professor and a complex game of pretense and identity unfolds over two days in Kiarostamis final completed feature.,Cannes competition; RT 81 MC 79; Kiarostami in Japan; identity and deception; car as confessional; masters farewell; formally precise; quietly devastating,"Cannes Film Festival, Metacritic, Rotten Tomatoes, Sight and Sound",,,,
52,Safety Not Guaranteed,2012,Colin Trevorrow,Comedy/Sci-Fi,Three magazine reporters investigate a man who placed a classified ad seeking a companion for time travel and discover he may not be crazy in Trevorrows charming debut.,RT 91 MC 67; Sundance hit; Plaza Duplass; Trevorrow pre-Jurassic World; indie sci-fi charm; classified ad premise; heartfelt resolution,"Sundance Film Festival, Metacritic, Rotten Tomatoes, IndieWire",,,,
53,The Impossible,2012,J.A. Bayona,Drama/Thriller,A tourist family in Thailand is caught in the 2004 Indian Ocean tsunami and fights to survive and reunite in Bayonas harrowing disaster drama.,Oscar nom Actress (Watts); RT 81 MC 60; Watts McGregor; Bayona (The Orphanage follow-up); tsunami sequences terrifying; survival drama; based on true story,"Academy Awards, Metacritic, Rotten Tomatoes, Box Office Mojo",,,,
54,In Another Country,2012,Hong Sang-soo,Comedy/Drama,Three variations on a French woman visiting a Korean coastal town play out with subtle differences in Hong Sang-soos witty playful triptych starring Isabelle Huppert.,Cannes competition; RT 84 MC 73; Hong Sang-soo and Huppert collaboration; structural games; Korean seaside; repetition and variation; cinephile delight,"Cannes Film Festival, Metacritic, Rotten Tomatoes, Sight and Sound",,,,
55,The Dark Knight Rises,2012,Christopher Nolan,Action/Drama,Batman returns from eight years of self-imposed exile to save Gotham from a masked revolutionary who threatens to destroy the city in Nolans epic trilogy conclusion.,RT 87 MC 78; $1.081B worldwide; Hardy Bane; Hathaway Catwoman; Aurora shooting tragedy; Nolan ambition; IMAX spectacle; divisive ending; cultural event,"Metacritic, Rotten Tomatoes, Box Office Mojo, The Numbers",,,,
56,Samsara,2012,Ron Fricke,Documentary,A non-narrative visual tone poem filmed across twenty-five countries over five years explores the interconnection between humanity and the natural world in Frickes breathtaking sequel to Baraka.,RT 74 MC 69; 70mm photography; no narration; Baraka spiritual successor; global scope; meditative and overwhelming; theatrical experience essential; visual masterpiece,"Metacritic, Rotten Tomatoes, IndieWire, Box Office Mojo",,,,
57,Anna Karenina,2012,Joe Wright,Drama/Romance,Tolstoys tale of a Russian aristocrats doomed passion for a dashing cavalry officer is reimagined as a theatrical production staged within a crumbling playhouse in Wrights daring adaptation.,Oscar Costume Design; RT 63 MC 63; Knightley Law Taylor-Johnson; Wright formal boldness; Stoppard script; Dario Marianelli score; divisive theatrical conceit,"Academy Awards, Metacritic, Rotten Tomatoes, Box Office Mojo",,,,
58,Something in the Air,2012,Olivier Assayas,Drama,A young painter navigates radical politics art and romance in the aftermath of May 68 in Assayas autobiographical portrait of youth idealism in early 1970s France.,Venice Best Screenplay; RT 78 MC 73; Assayas most personal; Apres Mai original title; 1970s counterculture; art vs activism; period detail exquisite,"Venice Film Festival, Metacritic, Rotten Tomatoes, IndieWire",,,,
59,Bernie,2012,Richard Linklater,Comedy/Crime,A beloved small-town Texas mortician befriends and then murders a wealthy widow and the community rallies to his defense in Linklaters darkly comic true-crime docudrama.,RT 92 MC 75; Black McConaughey MacLaine; Linklater docudrama hybrid; East Texas community; true crime as comedy; Black career-best; McConaissance chapter,"Metacritic, Rotten Tomatoes, IndieWire, Box Office Mojo",,,,
60,Sister,2012,Ursula Meier,Drama,A twelve-year-old boy steals from wealthy tourists at a Swiss ski resort to support himself and his irresponsible older sister in Meiers compassionate class-divide drama.,Berlin Special Award Silver Bear; RT 82 MC 74; Meier (Home follow-up); Swiss poverty; Kacey Mottet Klein extraordinary; alpine setting; quiet observation,"Berlin Film Festival, Metacritic, Rotten Tomatoes, IndieWire",,,,
61,Killing Them Softly,2012,Andrew Dominik,Crime/Thriller,A professional enforcer investigates a heist that takes place during a mob-protected poker game against the backdrop of the 2008 financial crisis in Dominiks cynical noir.,Cannes competition; RT 75 MC 64; Pitt Gandolfini Mendelsohn; Dominik (Assassination of Jesse James follow-up); America is not a country its a business; political allegory,"Cannes Film Festival, Metacritic, Rotten Tomatoes, IndieWire",,1,,
62,Ai Weiwei: Never Sorry,2012,Alison Klayman,Documentary,Chinese artist and activist Ai Weiwei challenges his governments authority on human rights through his art and social media in Klaymans intimate portrait of creative dissent.,Sundance Special Jury Prize; RT 88 MC 75; Klayman debut; Chinese dissident art; social media activism; politically urgent; Ai Weiwei courage documented,"Sundance Film Festival, Metacritic, Rotten Tomatoes, IndieWire",,,,
63,Looper,2012,Rian Johnson,Sci-Fi/Thriller,A hitman who kills targets sent from the future must confront his older self when the crime syndicate closes his loop in Johnsons inventive and emotionally resonant time-travel thriller.,RT 93 MC 84; $176M on $30M; Gordon-Levitt Willis Blunt; Johnson pre-Star Wars; time-travel done smart; Kansas farm third act; original sci-fi triumph,"Metacritic, Rotten Tomatoes, Box Office Mojo, IndieWire",,,5,2026-04-02T07:46:52.581Z
64,The Raid: Redemption,2012,Gareth Evans,Action/Martial Arts,A SWAT team becomes trapped inside a tenement building run by a ruthless drug lord and must fight floor by floor to survive in Evanss relentless Indonesian action masterpiece.,RT 86 MC 73; $9M worldwide on $1.1M; 8x return; Evans Welsh-Indonesian collaboration; martial arts reinvented; Iko Uwais; hallway fight; action cinema landmark,"Metacritic, Rotten Tomatoes, Box Office Mojo, IndieWire",,,3,2026-04-02T07:46:55.583Z
65,Compliance,2012,Craig Zobel,Drama/Thriller,A fast-food restaurant manager follows increasingly degrading instructions from a caller posing as a police officer in Zobels shocking true-crime drama about authority and obedience.,RT 89 MC 68; Sundance walkouts; Milgram experiment dramatized; Dowd extraordinary; provocative and disturbing; based on strip search prank call case,"Sundance Film Festival, Metacritic, Rotten Tomatoes, IndieWire",,1,,
66,Smashed,2012,James Ponsoldt,Drama,A first-grade teacher whose marriage is built on shared alcoholism decides to get sober and discovers her recovery threatens to destroy her relationship.,RT 84 MC 71; Winstead extraordinary; Ponsoldt debut; addiction realism; Paul partnership; indie drama; Sundance premiere; marriage and sobriety,"Sundance Film Festival, Metacritic, Rotten Tomatoes, IndieWire",,,,
67,The Sapphires,2012,Wayne Blair,Comedy/Drama,Four Aboriginal Australian women form a Motown-inspired singing group and are recruited to perform for troops in Vietnam in Blairs crowd-pleasing true story.,TIFF; RT 88 MC 67; Debicki breakthrough; Aboriginal Australian history; Motown music; feel-good; Australian cinema; Vietnam backdrop; commercially strong in Australia,"TIFF, Metacritic, Rotten Tomatoes, Box Office Mojo",,,,
68,Cosmopolis,2012,David Cronenberg,Drama/Thriller,A young billionaire asset manager crosses Manhattan in his stretch limousine for a haircut as his fortune and the world collapse around him in Cronenbergs icy DeLillo adaptation.,Cannes competition; RT 65 MC 60; Pattinson; Cronenberg clinical; DeLillo dialogue; capitalism critique; polarizing; Cannes divided; formally audacious,"Cannes Film Festival, Metacritic, Rotten Tomatoes, IndieWire",,,,
69,Seven Psychopaths,2012,Martin McDonagh,Comedy/Crime,A struggling screenwriter gets entangled in the Los Angeles criminal underworld when his friends kidnap a gangsters beloved Shih Tzu in McDonaghs meta-violent comedy.,TIFF Midnight Madness Peoples Choice; RT 83 MC 66; Farrell Rockwell Walken Harrelson; McDonagh Hollywood satire; In Bruges follow-up; self-aware violence,"TIFF, Metacritic, Rotten Tomatoes, Box Office Mojo",,1,,
70,The Cabin in the Woods,2012,Drew Goddard,Horror/Comedy,Five college friends go to a remote cabin unaware that their every move is being orchestrated by a hidden organization in Goddards brilliantly deconstructive meta-horror.,RT 92 MC 72; $66M on $30M; Whedon co-wrote; horror genre deconstruction; every trope subverted; Whitford Jenkins; surprise revelations; instant cult classic,"Metacritic, Rotten Tomatoes, Box Office Mojo, IndieWire",,,4,2026-04-02T07:47:50.117Z
71,The Place Beyond the Pines,2012,Derek Cianfrance,Crime/Drama,A motorcycle stunt rider turns to bank robbery to support his family and his actions set off a chain of consequences spanning two generations in Cianfrances ambitious triptych.,TIFF premiere; RT 79 MC 68; Gosling Cooper Mendes; Cianfrance (Blue Valentine follow-up); generational sin; Schenectady setting; three-part structure,"TIFF, Metacritic, Rotten Tomatoes, Box Office Mojo",,1,,
72,Spring Breakers,2012,Harmony Korine,Crime/Drama,Four college girls fund their spring break trip by robbing a restaurant and fall under the spell of a drug dealer in Korines neon-drenched pop-art fever dream.,Venice competition; RT 67 MC 63; Franco iconic Alien; Korine provocation; Disney stars subverted; divisive masterwork or exploitation; look at all my stuff; cult phenomenon,"Venice Film Festival, Metacritic, Rotten Tomatoes, IndieWire",,1,2,2026-04-08T08:38:12.092Z
73,Sound of My Voice,2012,Zal Batmanglij,Sci-Fi/Thriller,Two documentary filmmakers infiltrate a cult led by a woman who claims to be from the future in Batmanglijs spare unsettling thriller.,Sundance hit; RT 80 MC 64; Marling co-writes and stars; Batmanglij debut; cult paranoia; ambiguous ending; Marling-Batmanglij collaboration; micro-budget intrigue,"Sundance Film Festival, Metacritic, Rotten Tomatoes, IndieWire",,,,
74,The Avengers,2012,Joss Whedon,Sci-Fi/Action,Earths mightiest heroes assemble to stop Lokis alien invasion of New York in Whedons exhilarating ensemble blockbuster that launched the modern superhero cinematic universe.,RT 91 MC 69; $1.52B worldwide; highest-grossing 2012; MCU watershed; Downey Evans Hemsworth Ruffalo Johansson Renner; $207M opening weekend; changed Hollywood,"Metacritic, Rotten Tomatoes, Box Office Mojo, The Numbers",,,4,2026-04-02T07:48:22.553Z
75,Arbitrage,2012,Nicholas Jarecki,Thriller/Drama,A hedge fund magnate desperate to sell his trading empire makes an error that leads to the death of his mistress and he must cover his tracks before the deal closes.,RT 87 MC 72; Gere career-best; Jarecki debut; financial thriller; one percenter morality; Sarandon Britton; Wall Street noir; commercial indie success,"Metacritic, Rotten Tomatoes, IndieWire, Box Office Mojo",,,,
76,For a Good Time Call...,2012,Jamie Travis,Comedy,Two former college enemies become roommates and start a phone-sex line to pay their Manhattan rent in Traviss raunchy female friendship comedy.,RT 71 MC 57; Graynor Plaza; female-driven comedy; Sundance premiere; phone-sex comedy; Miller Graynor chemistry; microbudget NYC comedy,"Sundance Film Festival, Metacritic, Rotten Tomatoes, IndieWire",,,,
77,Post Tenebras Lux,2012,Carlos Reygadas,Drama,A bourgeois family living in rural Mexico confronts violence desire and mortality in Reygadass hallucinatory autobiographical meditation on privilege and transcendence.,Cannes Best Director; RT 50 MC 52; Reygadas most divisive; devil figure; rugby match; dream logic; booed at Cannes yet won Director; art cinema at its most uncompromising,"Cannes Film Festival, Metacritic, Rotten Tomatoes, Sight and Sound",,,,
78,Les Miserables,2012,Tom Hooper,Musical/Drama,The intertwined stories of ex-convict Jean Valjean and relentless inspector Javert unfold across decades of revolutionary France in Hoopers grand live-sung musical adaptation.,Oscar Supporting Actress (Hathaway) + Sound Mixing + Makeup; Golden Globe Musical/Comedy Picture + Actor (Jackman); $441M on $61M; Hathaway devastating,"Academy Awards, Golden Globes, Metacritic, Rotten Tomatoes, Box Office Mojo",,,2,2026-04-02T07:48:28.454Z
79,Berberian Sound Studio,2012,Peter Strickland,Horror/Thriller,A mild-mannered British sound engineer moves to Italy to work on a lurid giallo film and reality begins to blur with the horror he is creating.,RT 84 MC 77; Strickland; giallo homage; sound design as horror; Jones extraordinary; Italian genre cinema tribute; psychoacoustic dread; festival favorite,"Metacritic, Rotten Tomatoes, IndieWire, Sight and Sound",,,,
80,21 Jump Street,2012,Phil Lord and Christopher Miller,Comedy/Action,Two underachieving cops are sent undercover as high school students to bust a drug ring and discover the social hierarchy has changed since their day.,RT 85 MC 69; $201M on $42M; Lord Miller breakthrough; Hill Tatum chemistry; self-aware comedy; franchise launched; meta-humor; surprise hit,"Metacritic, Rotten Tomatoes, Box Office Mojo, The Numbers",,,4,2026-04-02T07:48:32.211Z
81,Chronicle,2012,Josh Trank,Sci-Fi/Thriller,Three high school students gain telekinetic powers from a mysterious underground discovery and their friendship fractures as one of them turns dangerously unstable.,RT 85 MC 69; $126M on $12M; 10.5x return; found-footage superhero origin; Trank debut; DeHaan breakout; Jordan pre-stardom; genre innovation,"Metacritic, Rotten Tomatoes, Box Office Mojo, The Numbers",,,,
82,End of Watch,2012,David Ayer,Crime/Thriller,Two young LAPD officers patrolling South Central Los Angeles develop a brotherly bond that is tested when they inadvertently cross a vicious drug cartel.,RT 85 MC 68; $41M on $7M; Gyllenhaal Pena; found-footage cop drama; Ayer LA authenticity; genuine chemistry; visceral action; body-cam aesthetic,"Metacritic, Rotten Tomatoes, Box Office Mojo, IndieWire",,,,
83,Robot and Frank,2012,Jake Schreier,Comedy/Drama,A retired cat burglar with early dementia is given a robot caretaker by his son and discovers the robot is the perfect accomplice for a new heist in Schreiers charming debut.,RT 86 MC 67; Langella delightful; Schreier debut; near-future AI; dementia and dignity; indie crowd-pleaser; gentle sci-fi comedy,"Metacritic, Rotten Tomatoes, IndieWire, Box Office Mojo",,,,
84,The Hunger Games,2012,Gary Ross,Sci-Fi/Action,A teenage girl volunteers to take her sisters place in a televised death match where children fight to the death in a dystopian future in Rosss franchise-launching blockbuster.,RT 84 MC 68; $694M on $78M; 11.1x return; Lawrence star-making; YA phenomenon; female-led action franchise; $152M opening; cultural event,"Metacritic, Rotten Tomatoes, Box Office Mojo, The Numbers",,,2,2026-04-02T07:48:38.457Z
85,The Paperboy,2012,Lee Daniels,Drama/Thriller,Two journalists and a death row groupie investigate a racially charged murder case in swampy 1960s Florida in Daniels lurid Southern Gothic melodrama.,Cannes competition; RT 39 MC 44; Kidman McConaughey Efron Cusack; Daniels (Precious follow-up); deliberately provocative; Kidman fearless; camp excess; divisive Cannes premiere,"Cannes Film Festival, Metacritic, Rotten Tomatoes, Box Office Mojo",,,,
86,Your Sister's Sister,2012,Lynn Shelton,Comedy/Drama,A man retreating to a remote island cabin discovers his best friends sister is already there and one drunken night of honesty leads to complicated consequences.,RT 84 MC 65; Duplass Blunt DeWitt; Shelton mumblecore mastery; improvised performances; Pacific Northwest setting; sibling dynamics; naturalistic,"Metacritic, Rotten Tomatoes, IndieWire, Box Office Mojo",,,,
87,Pitch Perfect,2012,Jason Moore,Comedy/Musical,A rebellious college freshman is recruited into an all-girl a cappella group and helps them find a new sound to compete against their male rivals.,RT 81 MC 66; $115M on $17M; 6.8x return; Kendrick Rebel Wilson; surprise hit; franchise launched; a cappella craze; comedy musical phenomenon,"Metacritic, Rotten Tomatoes, Box Office Mojo, The Numbers",,,2,2026-04-02T07:48:45.958Z
88,Goodbye First Love,2012,Mia Hansen-Love,Drama/Romance,A teenage girls consuming first love and its long aftermath shapes her emotional life and creative awakening over eight years in Hansen-Loves autobiographical romance.,RT 75 MC 68; Hansen-Love rising voice; French coming-of-age; temporal passage; quiet devastation; female perspective; architecture and emotion intertwined,"Metacritic, Rotten Tomatoes, IndieWire, Sight and Sound",,,,
89,Premium Rush,2012,David Koepp,Action/Thriller,A New York City bike messenger is hunted through Manhattan by a corrupt detective who wants the envelope he is carrying in Koepps breathless urban action film.,RT 75 MC 66; Gordon-Levitt Shannon; bicycle courier thriller; NYC geography; Shannon unhinged villain; underseen action gem; $31M on $35M,"Metacritic, Rotten Tomatoes, Box Office Mojo, The Numbers",,,,
90,The Best Exotic Marigold Hotel,2012,John Madden,Comedy/Drama,A group of British retirees travel to India to take up residence in a newly restored hotel that turns out to be far less luxurious than advertised.,RT 79 MC 62; $136M on $10M; 13.6x return; Dench Nighy Wilkinson Smith; senior-skewing hit; Madden crowd-pleaser; India as backdrop; franchise spawned,"Metacritic, Rotten Tomatoes, Box Office Mojo, The Numbers",,,,
91,Madagascar 3: Europes Most Wanted,2012,Eric Darnell and Tom McGrath and Conrad Vernon,Animation/Comedy,The zoo animals join a traveling circus to escape a relentless French animal control officer as they attempt to return to New York.,RT 79 MC 60; $747M on $145M; 5.1x return; DreamWorks franchise; circus sequence dazzling; Stiller Rock Pinkett Smith; family entertainment,"Metacritic, Rotten Tomatoes, Box Office Mojo, The Numbers",,,,
92,Dredd,2012,Pete Travis,Sci-Fi/Action,In a dystopian mega-city a feared judge who serves as judge jury and executioner is locked down in a tower block by a drug lord in Traviss stripped-down ultraviolent reboot.,RT 79 MC 59; $41M on $45M; commercial failure theatrical; massive cult following; Urban perfect Dredd; Thirlby; Slo-Mo drug; single-location brilliance,"Metacritic, Rotten Tomatoes, Box Office Mojo, The Numbers",,,2,2026-04-02T07:48:57.311Z
93,Prometheus,2012,Ridley Scott,Sci-Fi/Horror,A team of scientists follows an ancient star map to a distant moon seeking the origins of humanity and discovers a terrifying threat in Scotts ambitious Alien universe prequel.,RT 73 MC 65; $403M on $130M; Fassbender as David; Noomi Rapace; Scott returns to sci-fi; visually stunning; script divisive; philosophical ambition; franchise restart,"Metacritic, Rotten Tomatoes, Box Office Mojo, The Numbers",,,4,2026-04-02T07:48:58.940Z
94,The Amazing Spider-Man,2012,Marc Webb,Sci-Fi/Action,Peter Parker discovers clues to his parents disappearance and becomes Spider-Man while confronting a scientist whose regeneration experiments create a monstrous villain.,RT 72 MC 66; $758M on $230M; 3.3x return; Garfield Stone; reboot too soon criticism; Webb indie background; origin story fatigue,"Metacritic, Rotten Tomatoes, Box Office Mojo, The Numbers",,,3,2026-04-02T07:48:54.403Z
95,Ginger and Rosa,2012,Sally Potter,Drama,Two teenage girls in 1962 London navigate the anxieties of the Cuban Missile Crisis and personal betrayals that threaten their lifelong friendship in Potters intimate coming-of-age drama.,RT 73 MC 62; Fanning Hendricks; Potter (Orlando director); 1960s London; nuclear anxiety; adolescence and politics; Fanning outstanding,"Metacritic, Rotten Tomatoes, IndieWire, Box Office Mojo",,,,
96,Celeste and Jesse Forever,2012,Lee Toland Krieger,Comedy/Drama,A divorcing couple tries to maintain their friendship while navigating new relationships in Kriegers honest and adult romantic comedy.,RT 71 MC 60; Rashida Jones co-wrote; Jones Samberg; mature divorce comedy; indie rom-com; Jones showcase; McCormack anti-genre approach,"Metacritic, Rotten Tomatoes, IndieWire, Box Office Mojo",,,,
97,Ted,2012,Seth MacFarlane,Comedy,A mans childhood wish for his teddy bear to come alive comes true but the now foul-mouthed bear threatens his adult relationship in MacFarlanes raunchy comedy debut.,RT 69 MC 62; $549M on $65M; 8.5x return; highest-grossing original R-rated comedy; Wahlberg Kunis; MacFarlane transition to film; pop culture sensation,"Metacritic, Rotten Tomatoes, Box Office Mojo, The Numbers",,,2,2026-04-02T07:49:11.549Z
98,Men in Black 3,2012,Barry Sonnenfeld,Sci-Fi/Comedy,Agent J travels back in time to 1969 to save his partner Agent K from an alien assassin and discovers the secret origin of their partnership.,RT 69 MC 58; $624M on $215M; 2.9x return; Smith Brolin Jones; Brolin uncanny young K; time-travel gimmick; nostalgia franchise; Sonnenfeld reliable,"Metacritic, Rotten Tomatoes, Box Office Mojo, The Numbers",,,,
99,Just the Wind,2012,Benedek Fliegauf,Drama/Thriller,A Roma family in rural Hungary lives in terror of the serial killings targeting their community in Fliegaufs harrowing real-time portrait of anti-Roma violence.,Berlin Silver Bear Grand Jury Prize; RT 75; Hungarian Roma persecution; based on true serial killings; Fliegauf; formally rigorous; social horror,"Berlin Film Festival, Metacritic, Rotten Tomatoes, IndieWire",,,,
100,The Hobbit: An Unexpected Journey,2012,Peter Jackson,Fantasy/Adventure,Bilbo Baggins is recruited by the wizard Gandalf to join thirteen dwarves on a quest to reclaim their homeland from the dragon Smaug in Jacksons epic return to Middle-earth.,RT 64 MC 58; $1.021B worldwide; 48fps HFR controversy; Freeman as Bilbo; Riddles in the Dark sequence; three-film expansion divisive; visual spectacle,"Metacritic, Rotten Tomatoes, Box Office Mojo, The Numbers",,,3,2026-04-02T07:49:18.782Z
101,Cloud Atlas,2012,Tom Tykwer and Lana Wachowski and Lilly Wachowski,Sci-Fi/Drama,Six interconnected stories spanning centuries from the 19th-century Pacific to a post-apocalyptic future explore how human actions reverberate through time.,RT 66 MC 55; $130M on $102M; Hanks Berry Broadbent Whishaw; most divisive film of 2012; enormous ambition; reincarnation makeup; commercial disappointment but cult following,"Metacritic, Rotten Tomatoes, Box Office Mojo, The Numbers",,,,
102,Hitchcock,2012,Sacha Gervasi,Drama/Biopic,Alfred Hitchcock and his wife Alma Reville navigate the tumultuous production of Psycho in Gervasis affectionate behind-the-scenes drama.,RT 63 MC 55; Hopkins Mirren; Hitchcock biopic; making-of-Psycho; Hopkins transformation; Mirren as Alma; awards season also-ran; modest,"Metacritic, Rotten Tomatoes, IndieWire, Box Office Mojo",,,,
103,The Expendables 2,2012,Simon West,Action,Barney Ross and his mercenary team seek revenge for the murder of one of their own in this sequel reuniting 1980s and 90s action legends.,RT 67 MC 51; $305M on $100M; 3x return; Stallone Statham Willis Schwarzenegger Van Damme Norris; nostalgia action; franchise continuation; critic-proof,"Metacritic, Rotten Tomatoes, Box Office Mojo, The Numbers",,,,
104,The Bourne Legacy,2012,Tony Gilroy,Action/Thriller,A new operative in the same covert program that created Jason Bourne must fight to survive when the CIA decides to shut down the project.,RT 56 MC 61; $276M on $125M; 2.2x return; Renner Norton Weisz; Bourne without Bourne; Gilroy expands universe; franchise transition attempt,"Metacritic, Rotten Tomatoes, Box Office Mojo, The Numbers",,,,
105,The Dark Horse,2012,James Napier Robertson,Drama,A bipolar Maori man channels his chess genius into coaching underprivileged children in New Zealand in Robertsons inspiring true-life drama.,New Zealand box office hit; RT 92; Morrison extraordinary; mental health and community; chess as salvation; Maori representation; internationally acclaimed; true story,"Metacritic, Rotten Tomatoes, IndieWire, Box Office Mojo",,,,
106,Sinister,2012,Scott Derrickson,Horror/Thriller,A true-crime writer discovers a box of home movies in his attic that reveal a terrifying supernatural entity has been murdering families for decades.,RT 63 MC 53; $87M on $3M; 29x return; Hawke; highest ROI of 2012; micro-budget horror masterclass; Bughuul entity; franchise spawned; genuinely frightening,"Metacritic, Rotten Tomatoes, Box Office Mojo, The Numbers",,,,
107,Wanderlust,2012,David Wain,Comedy,A New York couple losing their apartment stumbles upon an idyllic commune in Georgia and debates whether free-living is their salvation or madness in Wains anarchic comedy.,RT 59 MC 56; Rudd Aniston; Wain comedy sensibility; commune satire; improv energy; State/Wet Hot alumni; commercially modest,"Metacritic, Rotten Tomatoes, Box Office Mojo, The Numbers",,,,
108,The Dictator,2012,Larry Charles,Comedy,An oppressive North African dictator risks his life to ensure that democracy will never come to his country in Sacha Baron Cohens outrageous political satire.,RT 57 MC 58; $179M on $65M; Baron Cohen; provocation comedy; Middle Eastern satire; less effective than Borat; scripted versus improvisational; commercially solid,"Metacritic, Rotten Tomatoes, Box Office Mojo, The Numbers",,,1,2026-04-02T07:49:45.957Z
109,Think Like a Man,2012,Tim Story,Comedy/Romance,Four women use advice from Steve Harveys bestselling book to gain the upper hand in their relationships until the men discover the strategy.,RT 53 MC 55; $96M on $12M; 8x return; ensemble (Hart Meagan Good); Harvey adaptation; date-night hit; commercial success; African-American audience strong,"Metacritic, Rotten Tomatoes, Box Office Mojo, The Numbers",,,,
110,Safe House,2012,Daniel Espinosa,Action/Thriller,A young CIA agent must protect a dangerous rogue operative when their safe house in Cape Town is compromised in Espinosas tense action thriller.,RT 53 MC 53; $208M on $85M; 2.5x return; Washington Reynolds; Cape Town locations; solid commercial performer; spy thriller formula; Denzel star power,"Metacritic, Rotten Tomatoes, Box Office Mojo, The Numbers",,,,
111,Snow White and the Huntsman,2012,Rupert Sanders,Fantasy/Action,A dark reimagining of the fairy tale follows the banished princess and a huntsman who leads a rebellion against the evil queen who rules the kingdom.,RT 49 MC 57; $396M on $170M; Stewart Theron Hemsworth; dark fairy-tale trend; visually ambitious; Sanders debut; franchise attempted; commercially modest,"Metacritic, Rotten Tomatoes, Box Office Mojo, The Numbers",,,2,2026-04-02T07:49:49.749Z
112,John Carter,2012,Andrew Stanton,Sci-Fi/Adventure,A Civil War veteran is mysteriously transported to Mars where he becomes embroiled in a conflict among the planets inhabitants in Stantons ambitious adaptation of Edgar Rice Burroughs.,RT 52 MC 51; $284M on $263M; lost $200M+; biggest flop of 2012; Stanton live-action debut; marketing disaster; Disney wrote off; Kitsch Firth Collins,"Metacritic, Rotten Tomatoes, Box Office Mojo, The Numbers",,,1,2026-04-02T07:49:52.290Z
113,Savages,2012,Oliver Stone,Crime/Thriller,Two marijuana growers and their shared girlfriend face off against a Mexican drug cartel intent on taking over their operation in Stones lurid sun-baked thriller.,RT 51 MC 52; $83M on $45M; Kitsch Taylor-Johnson Lively; Stone returns to violence; dual ending; cartel thriller; Stone late-career; Travolta Hayek Benicio,"Metacritic, Rotten Tomatoes, Box Office Mojo, The Numbers",,,,
114,The Twilight Saga: Breaking Dawn Part 2,2012,Bill Condon,Fantasy/Romance,The Cullen family rallies allies from around the world to confront the Volturi who threaten to destroy Bellas daughter in the franchises divisive finale.,RT 49 MC 52; $830M on $120M; 6.9x return; franchise conclusion; twist ending; Stewart Pattinson Lautner; devoted fanbase; cultural phenomenon completion,"Metacritic, Rotten Tomatoes, Box Office Mojo, The Numbers",,,,
115,The Lorax,2012,Chris Renaud and Kyle Balda,Animation/Fantasy,A boy searches for the one thing that will win the affection of the girl of his dreams by discovering the story of the Lorax a grumpy creature who speaks for the trees.,RT 54 MC 46; $349M on $70M; 5x return; Illumination; Dr. Seuss adaptation; environmental message diluted by commercialism; family animation economics,"Metacritic, Rotten Tomatoes, Box Office Mojo, The Numbers",,,,
116,Mirror Mirror,2012,Tarsem Singh,Fantasy/Comedy,Snow White leads a rebellion against her wicked stepmother the Queen with the help of seven resourceful dwarves in Singhs colorful fairy-tale reimagining.,RT 50 MC 47; $183M on $85M; Roberts Collins Hammer; second 2012 Snow White; Singh visual flair; family audience; modest return; fairy-tale trend,"Metacritic, Rotten Tomatoes, Box Office Mojo, The Numbers",,,,
117,Resident Evil: Retribution,2012,Paul W.S. Anderson,Sci-Fi/Action,Alice battles the Umbrella Corporation in a vast underground facility while the Red Queen AI recreates simulations of major world cities in Andersons fifth franchise entry.,RT 29 MC 39; $240M on $65M; 3.7x return; Jovovich; franchise mechanical; international audience reliable; diminishing quality; steady returns,"Metacritic, Rotten Tomatoes, Box Office Mojo, The Numbers",,,,
118,The Three Stooges,2012,Bobby Farrelly and Peter Farrelly,Comedy,The Three Stooges are raised in an orphanage and get involved in a murder plot as they try to raise money to save their childhood home in the Farrellys slapstick homage.,RT 50 MC 43; $54M on $30M; slapstick revival; Farrelly brothers; Sasso Hayes Diamantopoulos; surprisingly faithful; mixed reception,"Metacritic, Rotten Tomatoes, Box Office Mojo, The Numbers",,,,
119,To Rome with Love,2012,Woody Allen,Comedy/Romance,Four vignettes set in Rome follow tourists retirees and locals whose lives intersect in unexpected ways in Allens lightweight but charming Italian anthology.,RT 44 MC 49; $73M on $22M; Allen Rome chapter; minor Allen; Baldwin Cruz Page Eisenberg; Italian setting charming; uneven but pleasant,"Metacritic, Rotten Tomatoes, Box Office Mojo, The Numbers",,,,
120,Dark Shadows,2012,Tim Burton,Comedy/Fantasy,An 18th-century vampire is accidentally freed in 1972 and must protect his dysfunctional descendants from a vengeful witch in Burtons uneven Depp collaboration.,RT 37 MC 55; $246M on $150M; Depp Green Pfeiffer; Burton-Depp fatigue; TV adaptation; tonal inconsistency; international markets helped; franchise dead,"Metacritic, Rotten Tomatoes, Box Office Mojo, The Numbers",,,,
121,Hotel Transylvania,2012,Genndy Tartakovsky,Animation/Comedy,Count Dracula runs a high-end resort for monsters as a safe haven from the human world but panics when an ordinary backpacker stumbles in and falls for his daughter.,RT 44 MC 47; $359M on $85M; 4.2x return; Sandler voice; Tartakovsky animation energy; franchise launched; October family hit; commercial triumph over critics,"Metacritic, Rotten Tomatoes, Box Office Mojo, The Numbers",,,,
122,Rock of Ages,2012,Adam Shankman,Musical/Comedy,A small-town girl and a city boy meet on the Sunset Strip in 1987 as the rock-and-roll era faces threats from developers and moral crusaders in Shankmans jukebox musical.,RT 42 MC 47; $59M on $75M; flop; Cruise Hough Baldwin Brand; 1980s nostalgia; Broadway adaptation; Cruise surprisingly committed; commercially failed,"Metacritic, Rotten Tomatoes, Box Office Mojo, The Numbers",,,,
123,Troublemakers: The Story of Land Art,2012,James Crump,Documentary,The radical Land Art movement of the late 1960s and 70s is documented through the artists who carved their visions into the American landscape.,RT 88; Crump; Smithson Heizer De Maria; land art history; Spiral Jetty Lightning Field; art documentary; niche but essential; landscape as canvas,"Metacritic, Rotten Tomatoes, IndieWire",,,,
124,Ice Age: Continental Drift,2012,Steve Martino and Mike Thurmeier,Animation/Adventure,Scrat creates a continental catastrophe that separates Manny from his family and sends him on an ocean adventure in the fourth Ice Age installment.,RT 38 MC 49; $877M on $95M; 9.2x return; franchise international dominance; fourth film; Blue Sky Studios reliable; increasingly tired domestically,"Metacritic, Rotten Tomatoes, Box Office Mojo, The Numbers",,,,
125,Red Tails,2012,Anthony Hemingway,Action/War,The Tuskegee Airmen the first African-American military pilots face discrimination at home and deadly combat over Europe in World War Two.,RT 40 MC 47; $50M on $58M; Lucas produced; Tuskegee Airmen story; historically significant; execution criticized; aerial sequences impressive; representation matters,"Metacritic, Rotten Tomatoes, Box Office Mojo, The Numbers",,,,
126,Step Up Revolution,2012,Scott Speer,Drama/Dance,A flash mob dance crew in Miami attempts to save their neighborhood from a developers wrecking ball through the power of their performances in this franchise installment.,RT 41 MC 45; $140M on $33M; 4.2x return; franchise reliable; international dance audience; Miami setting; choreography inventive; thin plot,"Metacritic, Rotten Tomatoes, Box Office Mojo, The Numbers",,,,
127,Lockout,2012,James Mather and Stephen St. Leger,Sci-Fi/Action,A wrongly convicted man is offered his freedom if he can rescue the presidents daughter from a maximum-security prison in outer space in this B-movie thriller.,RT 38 MC 43; $32M on $20M; Pearce Maggie Grace; Carpenter Escape homage; B-movie sci-fi; Besson produced; modest; space prison fun,"Metacritic, Rotten Tomatoes, Box Office Mojo, The Numbers",,,,
128,The Guilt Trip,2012,Anne Fletcher,Comedy,A struggling inventor embarks on a cross-country road trip with his overbearing mother to sell his organic cleaning product in Fletchers mild comedy.,RT 36 MC 42; $47M on $40M; Streisand Rogen; mother-son road trip; Streisand return; modest comedy; holiday release; commercially marginal,"Metacritic, Rotten Tomatoes, Box Office Mojo, The Numbers",,,,
129,Abraham Lincoln: Vampire Hunter,2012,Timur Bekmambetov,Action/Horror,The 16th president of the United States secretly hunts vampires by night in Bekmambetovs absurd high-concept mashup of history and horror.,RT 34 MC 42; $116M on $69M; modest; Walker; Grahame-Smith novel; high-concept lunacy; Abraham Lincoln action hero; studio genre experiment,"Metacritic, Rotten Tomatoes, Box Office Mojo, The Numbers",,,,
130,Project X,2012,Nima Nourizadeh,Comedy,Three high school seniors throw a party that escalates into a legendary neighborhood-destroying event in Nourizadehs found-footage party comedy.,RT 28 MC 48; $100M on $12M; 8.3x return; found-footage party; teen debauchery; viral marketing; no-name cast; surprise commercial hit; ethically dubious,"Metacritic, Rotten Tomatoes, Box Office Mojo, The Numbers",,,,
131,Battleship,2012,Peter Berg,Sci-Fi/Action,Naval forces encounter alien ships during war games and must fight to save the world in Bergs board-game-adapted big-budget spectacle.,RT 34 MC 41; $305M on $209M; significant flop; Hasbro IP; Kitsch Rihanna Neeson; board game to movie folly; international markets saved face; commercial failure domestically,"Metacritic, Rotten Tomatoes, Box Office Mojo, The Numbers",,,,
132,The Vow,2012,Michael Sucsy,Drama/Romance,A man must win back the love of his wife who has lost her memory of their entire relationship after a car accident in Sucsys tearjerker based on a true story.,RT 31 MC 44; $196M on $30M; 6.5x return; Tatum McAdams; romantic drama hit; Notebook comparisons; Valentines Day release strategy; commercially strong,"Metacritic, Rotten Tomatoes, Box Office Mojo, The Numbers",,,,
133,Total Recall,2012,Len Wiseman,Sci-Fi/Action,A factory worker discovers his life is a fabricated memory and becomes entangled in a resistance movement against totalitarian rule in Wisemans glossy unnecessary remake.,RT 30 MC 43; $198M on $125M; commercial disappointment; Farrell Beckinsale Biel; Verhoeven original untouchable; remake-fatigue exemplar,"Metacritic, Rotten Tomatoes, Box Office Mojo, The Numbers",,,,
134,Ernest & Celestine,2012,"Benjamin Renner, Vincent Patar",Drama,"A gentle bear named Ernest and a small mouse named Celestine form an unlikely friendship that scandalises both their respective underground and overground societies, which have maintained strict fear-based separation for generations. Based on Gabrielle Vincent's beloved illustrated children's books, the French animated film is rendered in soft, watercolour-like strokes and celebrates the power of art and individual connection to overcome inherited prejudice. It was nominated for the Academy Award for Best Animated Feature.",,LB Top 500,,,,
135,Gangs of Wasseypur – Part 2,2012,Anurag Kashyap,Drama,"The saga of the Wasseypur crime dynasties continues as the blood feud between the Khan family and the Singhs escalates to its violent conclusion across successive generations. Faizal Khan, volatile and unpredictable, emerges as the central figure of this chapter, pursuing vengeance for his father's murder while navigating the treacherous politics of the Bihar coal belt. The second half of Anurag Kashyap's sprawling, vividly stylised epic was initially released in theatres separately before the full five-and-a-half-hour cut became a landmark of Indian cinema.",,LB Top 500,,,,
136,It's Such a Beautiful Day,2012,Don Hertzfeldt,Drama,"Compiled from three short films made between 2006 and 2011, the feature follows Bill, an ordinary stick figure man, as he begins suffering from a mysterious neurological illness that distorts his perception of reality and time, forcing him to confront memory, mortality, and the strange preciousness of consciousness. Don Hertzfeldt's hand-drawn animation combines minimalist stick figures with increasingly complex and experimental photography and multiple-exposure imagery to create something deeply affecting. The complete film won the Grand Jury Prize for Animation at Sundance 2012.",,LB Top 500,,1,,
137,Taken 2,2012,Olivier Megaton,Action/Thriller,Bryan Mills and his family are targeted for revenge by the father of a kidnapper he killed in Istanbul in this commercially successful but critically dismissed sequel.,RT 21 MC 45; $376M on $45M; 8.4x return; Neeson action franchise; diminishing quality; enormous commercial returns; European locations; sequel economics,"Metacritic, Rotten Tomatoes, Box Office Mojo, The Numbers",,,,
138,Act of Valor,2012,Mike McCoy and Scott Waugh,Action/War,Active-duty Navy SEALs use real tactics and live ammunition to stop a terrorist plot targeting America in this hybrid fiction-documentary action film.,RT 24 MC 41; $81M on $12M; 6.8x return; actual Navy SEALs; military collaboration; propaganda debate; real ordnance; commercial success; critics ambivalent,"Metacritic, Rotten Tomatoes, Box Office Mojo, The Numbers",,,,
139,Underworld: Awakening,2012,Mans Marlind and Bjorn Stein,Action/Horror,The vampire warrior Selene awakens from a twelve-year cryogenic sleep to find humans have discovered the existence of vampires and lycans in this franchise continuation.,RT 26 MC 38; $160M on $70M; 2.3x return; Beckinsale; franchise fatigue; January release; 3D conversion; reliable if diminishing returns,"Metacritic, Rotten Tomatoes, Box Office Mojo, The Numbers",,1,,
140,What to Expect When Youre Expecting,2012,Kirk Jones,Comedy/Drama,Five interconnected couples navigate the joys and frustrations of impending parenthood in Joness ensemble comedy based on the pregnancy guidebook.,RT 22 MC 41; $84M on $40M; underperformed; Lopez Diaz Banks; ensemble misfire; pregnancy comedy; Valentine's Day formula applied; forgettable,"Metacritic, Rotten Tomatoes, Box Office Mojo, The Numbers",,,,
141,Wrath of the Titans,2012,Jonathan Liebesman,Action/Fantasy,Perseus must journey into the underworld to rescue his imprisoned father Zeus from the Titans prison in this effects-heavy mythological sequel.,RT 26 MC 37; $305M on $150M; franchise decline; Worthington Neeson Fiennes; diminishing returns; spectacle without substance; mythology squandered,"Metacritic, Rotten Tomatoes, Box Office Mojo, The Numbers",,,,
142,The Words,2012,Brian Klugman and Lee Sternthal,Drama/Romance,A young writer achieves literary fame by passing off a discovered manuscript as his own and an elderly stranger confronts him with the tragic origin of the work.,RT 23 MC 37; Cooper Irons Saldana Quaid; literary fraud drama; triple-narrative structure; ambitious misfire; Cooper between hits; commercial failure,"Metacritic, Rotten Tomatoes, Box Office Mojo, The Numbers",,,,
143,Joyful Noise,2012,Todd Graff,Comedy/Musical,Two rival choir members in a small Georgia town must put aside their differences to save their church choir program in Graffs formulaic faith-based musical.,RT 22 MC 35; $31M on $25M; Houston Latifah; Houstons final film; gospel music; faith-based audience; modest returns; Houston passing overshadowed release,"Metacritic, Rotten Tomatoes, Box Office Mojo, The Numbers",,,,
144,The Watch,2012,Akiva Schaffer,Comedy/Sci-Fi,Suburban neighborhood watch volunteers discover their community has been invaded by aliens in Schaffers tonally uneven comedy.,RT 17 MC 38; $68M on $68M; Stiller Vaughn Hill; real-life Trayvon Martin controversy forced title change from Neighborhood Watch; misfire,"Metacritic, Rotten Tomatoes, Box Office Mojo, The Numbers",,,,
145,Thats My Boy,2012,Sean Anders,Comedy,A man who fathered a son with his teacher as a teenager reconnects with his now-adult offspring before his wedding in Sandlers raunchy R-rated comedy.,RT 20 MC 31; $58M on $70M; Sandler commercial decline begins; Samberg; critically savaged; audiences rejected; Sandler brand exhaustion evidence,"Metacritic, Rotten Tomatoes, Box Office Mojo, The Numbers",,,,
146,Chernobyl Diaries,2012,Bradley Parker,Horror,A group of tourists exploring the abandoned city of Pripyat near Chernobyl discover they are not alone in Parkers horror debut.,RT 20 MC 30; $38M on $1M; 38x return despite reviews; Oren Peli produced; nuclear tourism horror; micro-budget profitable; found-footage adjacent,"Metacritic, Rotten Tomatoes, Box Office Mojo, The Numbers",,,,
147,Ghost Rider: Spirit of Vengeance,2012,Mark Neveldine and Brian Taylor,Action/Fantasy,Johnny Blaze is recruited to save a boy from the devil in exchange for being freed from his curse as the Ghost Rider in this frenetic sequel.,RT 18 MC 32; $132M on $57M; Cage; Neveldine-Taylor style; 3D conversion; European locations; creatively bankrupt franchise extension,"Metacritic, Rotten Tomatoes, Box Office Mojo, The Numbers",,,,
148,Alex Cross,2012,Rob Cohen,Crime/Thriller,A homicide detective and psychologist pursues a sadistic serial killer whose latest target brings the case dangerously close to home in Cohens forgettable Patterson adaptation.,RT 12 MC 30; $34M on $35M; Perry replaces Freeman; Patterson franchise attempt; Perry dramatic debut failed; commercial and critical failure,"Metacritic, Rotten Tomatoes, Box Office Mojo, The Numbers",,,,
149,Piranha 3DD,2012,John Gulager,Horror/Comedy,Prehistoric piranhas invade a water park in this intentionally trashy B-movie sequel that embraces its absurdity with cameos from David Hasselhoff and Gary Busey.,RT 13 MC 18; $8M; direct-to-video quality; deliberate camp; franchise bottom; Hasselhoff self-parody; so-bad-its-good aspirations,"Metacritic, Rotten Tomatoes, Box Office Mojo, The Numbers",,,,
150,Playing for Keeps,2012,Gabriele Muccino,Comedy/Romance,A former professional soccer star coaches his sons team and becomes entangled with the attractive mothers of his players in Muccinos formulaic romantic comedy.,RT 3 MC 28; $30M on $35M; Butler Biel Zeta-Jones Quaid; among worst-reviewed 2012; rom-com nadir; star power irrelevant; commercial failure,"Metacritic, Rotten Tomatoes, Box Office Mojo, The Numbers",,,,
151,A Thousand Words,2012,Eddie Murphy,Comedy,A fast-talking literary agent discovers that a magical tree in his backyard loses a leaf every time he speaks and when the leaves are gone he will die.,RT 0 MC 23; $22M on $40M; Murphy nadir; shelved for years; 0% RT score; comedic genius at lowest point; Paramount dump; career low,"Metacritic, Rotten Tomatoes, Box Office Mojo, The Numbers",,,,
152,Barfi!,2012,Anurag Basu,Romance,"Set in 1970s Darjeeling, the film follows Barfi, a deaf-mute young man of irrepressible cheerfulness and mischief, as he navigates romantic entanglements with two women — the gentle Shruti, who loves him but feels compelled to follow convention, and Jhilmil, an autistic girl with whom he shares a deep and wordless bond. Told largely in silent-comedy style, the film is a charming, nostalgic tribute to the physical comedy of Chaplin and Buster Keaton. It was India's official submission for the Academy Award for Best Foreign Language Film.",,2010s Romance,,,,
153,Berserk: The Golden Age Arc II – The Battle for Doldrey,2012,Toshiyuki Kubooka,Animation,"The second film in the animated trilogy continues the story of the Band of the Hawk as they take on an impossible siege to capture the heavily fortified Doldrey Castle from the Chuder Empire, a victory that earns Griffith a noble title and unprecedented political access to the court of Midland. As Guts's formidable skills on the battlefield become impossible to ignore, he and Griffith begin to circle each other with growing tension, each becoming increasingly aware of what the other means to them. The film deepens the central relationship between Guts, Griffith, and Casca while raising the stakes for the betrayal to come.",,LB Animated,,1,,
154,Drug War,2012,Johnnie To,Action,"A mid-level drug manufacturer named Timmy Choi is arrested after a factory explosion and agrees to cooperate with an ambitious narcotics detective, Captain Zhang, to infiltrate a sophisticated methamphetamine smuggling network in exchange for leniency. The collaboration requires both men to maintain elaborate, overlapping deceptions, and the film builds to a brilliantly staged, high-casualty finale that is one of the most intense set pieces in Johnnie To's filmography. Notably compliant with mainland Chinese co-production regulations, the film stands as To's grimmest and most morally unsparing work.",,2010s Action/Adv,,,,
155,Eega,2012,S.S. Rajamouli,Action,"After a wealthy, cruel industrialist murders a young man out of jealousy over a woman, the man's soul is reincarnated as a housefly, and he embarks on a resourceful, fantastically imaginative campaign of revenge against his killer. The Telugu blockbuster is a deliriously inventive action-fantasy that requires its director, S.S. Rajamouli, to make a fly the most compelling screen hero of the year, orchestrating action sequences from an insect's perspective with genuine ingenuity and wit. Released as Eega in Telugu and Makkhi in Hindi, it became a major commercial and critical success.",,LB Action,,,,
156,Elena,2012,Petra Costa,Documentary,"A documentary in which Brazilian filmmaker Petra Costa searches for the ghost of her older sister Elena, who moved to New York in the late 1980s to pursue an acting career and took her own life at twenty years old. Weaving together Super 8 home footage, Elena's own diary recordings and video letters, and Petra's own experience of following the same dream to the same city decades later, the film blurs the boundary between documentary and personal essay into something lyrical and grief-stricken. It is a meditation on sisterhood, performance, depression, and the strange weight a life cut short leaves on those who loved it.",,LB Documentary,,,,
157,Evangelion: 3.0 You Can (Not) Redo,2012,"Hideaki Anno, Kazuya Tsurumaki, Masayuki",Sci-Fi,"Fourteen years after the catastrophic Near Third Impact, Shinji Ikari awakens in a radically altered world in which the organisation WILLE has broken away from NERV, and his former allies treat him with fear and resentment whose causes he cannot comprehend. Forbidden to pilot an Eva unit, Shinji is drawn instead toward the mysterious Kaworu Nagisa, whose warmth and acceptance become the only anchor in an incomprehensible world — until a devastating act of betrayal shatters what little remains. The third film in the Rebuild of Evangelion tetralogy is its most deliberately disorienting and emotionally brutal entry.",,LB Sci-Fi,,1,,
158,Gangs of Wasseypur – Part 1,2012,Anurag Kashyap,Action,"Spanning decades of blood, coal, and politics in the Bihar mining town of Wasseypur, the film traces the origins of a bitter feud that begins when Shahid Khan, a local bandit, is betrayed and murdered by the powerful Ramadhir Singh. His son Sardar Khan grows up consumed by an obsession with revenge and slowly accumulates power within the criminal underworld of the region. Anurag Kashyap's sprawling, exhilaratingly stylised crime epic draws on the tradition of American gangster films and Bollywood masala to create something that is uniquely and viscerally Indian.",,LB Action,,,,
159,Helter Skelter,2012,Mika Ninagawa,Horror,"Lilico is a celebrated model and icon who has undergone total body modification surgery from head to toe, transforming herself into a flawless ideal of beauty — but as her constructed perfection begins to physically deteriorate, her hold on fame, identity, and sanity starts to unravel in increasingly spectacular fashion. Based on Kyoko Okazaki's manga, the film is a garish, visually overwhelming critique of Japan's beauty industry and celebrity culture, shot by photographer and first-time director Mika Ninagawa in an explosion of supersaturated colour. Erika Sawajiri delivers a formidable, combustible performance in the lead role.",,LB Horror,,,,
160,In the House,2012,François Ozon,Mystery/Thriller,"A bored and disappointed literature teacher discovers that one of his students, Claude, is an exceptionally gifted young writer — but Claude's increasingly compelling stories are all written from real life: he has been insinuating himself into the home of a classmate and writing vivid, seductive accounts of the family's private life. As the teacher encourages and edits Claude's work, he becomes dangerously complicit in an escalating game of fiction and intrusion. François Ozon's witty, vertiginous thriller plays constantly with the nature of storytelling, voyeurism, and the blurred line between observation and manipulation.",,LB Mystery,,,,
161,Kahaani,2012,Sujoy Ghosh,Mystery/Thriller,"A visibly pregnant woman named Vidya Bagchi arrives in Kolkata from London, searching desperately for her missing husband, a software engineer she claims worked for a multinational company in the city — but no record of his existence can be found anywhere. As she digs deeper with the help of a sympathetic local detective, the investigation leads towards a conspiracy reaching back to a deadly nerve gas attack on a Kolkata metro train two years earlier. The tight, atmospheric thriller plays its revelations beautifully and makes iconic visual use of the city of Kolkata during the Durga Puja festival.",,LB Mystery,,,,
162,Lore,2012,Cate Shortland,War,"As World War II ends and the Allied forces occupy Germany, the teenage daughter of a senior SS officer must lead her four younger siblings across a devastated, lawless country after their parents are arrested. Lore has been raised on Nazi ideology and initially cannot reconcile the evidence of the Holocaust she encounters on her journey, but her moral certainties are further complicated when the group falls in with a young Jewish refugee named Thomas. Australian director Cate Shortland's German-language film is a harrowing coming-of-age story told from the perspective of perpetrators' children, adapted from Rachel Seiffert's novel The Dark Room.",,LB War,,,,
163,Neighboring Sounds,2012,Kleber Mendonça Filho,Drama,"In a prosperous middle-class neighbourhood in Recife dominated by a single powerful landowning family, the arrival of a private security firm to patrol the streets begins to agitate the latent anxieties of the residents — their domestic tensions, class guilt, racial dynamics, and the memory of rural violence that haunts the region's history. Kleber Mendonça Filho's debut feature is an acute, precisely observed social portrait that builds its unease through atmosphere and accumulation rather than plot. It became one of the most acclaimed Brazilian films of its decade.",,2010s Narrative,,,,
164,One Piece Film: Z,2012,Tatsuya Nagamine,Animation,"The Straw Hat Pirates encounter Z, a former Navy admiral of legendary strength who now leads a rogue army called the Neo Navy, intent on destroying the New World and every pirate within it by triggering a chain of volcanic eruptions using ancient Marine weapons. Luffy and his crew must battle Z's overwhelming power to stop the catastrophe. The theatrical One Piece film features a fully original story and was the highest-grossing entry in the franchise at the time of its release.",,2010s Animated,,,,
165,Pizza,2012,Karthik Subbaraj,Horror,"Michael, a pizza delivery boy with a rational, sceptical mind, is sent on a delivery to an isolated bungalow one rainy night and becomes trapped in what appears to be a genuinely haunted house, experiencing inexplicable and terrifying occurrences as the night progresses. The Tamil horror film uses its locked-room premise to construct an intricate narrative puzzle that interrogates the nature of belief in the supernatural, building to a surprise ending that recontextualises everything that came before. It launched the career of director Karthik Subbaraj and became a cult hit.",,LB Horror,,,,
166,Puella Magi Madoka Magica the Movie Part I: Beginnings,2012,Akiyuki Shinbo,Animation,"A theatrical recompilation of the first eight episodes of the Puella Magi Madoka Magica television series, the film introduces junior high school girls Madoka and Sayaka to the magical girl world through the mysterious transfer student Homura and the ambiguous creature Kyubey, who offers them the chance to have any wish granted in exchange for becoming magical warriors. The film preserves the series' tonal shift from apparent sweetness to psychological darkness and includes some new visual sequences. It was released as a double bill alongside Part II: Eternal.",,2010s Animated,,,,
167,Puella Magi Madoka Magica the Movie Part II: Eternal,2012,Akiyuki Shinbo,Animation,"The second theatrical recompilation film covers the final episodes of the Puella Magi Madoka Magica television series, as the full, cruel logic of the magical girl system is revealed and the remaining characters face the devastating consequences of their wishes. Madoka is confronted with an impossible choice bearing the weight of all magical girls past and future, and the series reaches its emotionally and conceptually ambitious conclusion. Released as a theatrical double bill with Part I: Beginnings, the two films prepared audiences for the original sequel Rebellion, which followed in 2013.",,2010s Animated,,,,
168,The Broken Circle Breakdown,2012,Felix Van Groeningen,Romance,"A passionate love story between Didier, a free-spirited bluegrass musician, and Elise, a tattoo artist, told in non-linear fragments that move between the joyful early years of their romance and the devastating present, in which their young daughter is dying of cancer. The Belgian film uses American country and bluegrass music — which neither character natively belongs to — as both emotional backbone and thematic counterpoint, examining what faith and meaning people cling to when confronted with irreversible loss. It received an Academy Award nomination for Best Foreign Language Film.",,2010s Romance,,,,
169,The Central Park Five,2012,"Ken Burns, Sarah Burns, David McMahon",Documentary,"A documentary examining the 1989 Central Park jogger case, in which five Black and Latino teenagers from Harlem — aged fourteen to sixteen — were wrongfully convicted of a brutal rape after giving false confessions under aggressive police interrogation, and served years in prison before DNA evidence exonerated them in 2002. Drawing on extensive interviews with the five men as adults and archival materials, the film documents a systematic failure of the justice system driven by racial panic, media hysteria, and prosecutorial misconduct. The case became a landmark in discussions of wrongful conviction and the treatment of young men of colour by the American legal system.",,LB Documentary,,,,
170,The Patience Stone,2012,Atiq Rahimi,War,"In a war-torn unnamed country that appears to be Afghanistan, a young woman tends to her comatose husband — a fighter shot in the neck — in their bombed-out home while soldiers fight nearby. As days pass and he cannot respond, she begins to speak to him with increasing frankness, first about mundane concerns and gradually about the truth of their marriage, her desires, her resentments, and the secrets of her life she has never been permitted to voice. Based on author and director Atiq Rahimi's Prix Goncourt-winning novel, the film is a fierce, intimate monologue about gender, silence, and survival.",,2010s War,,,,
171,Thuppakki,2012,A.R. Murugadoss,Action,"An army intelligence officer named Jagadish returns to Chennai on leave and finds himself on the trail of a sleeper cell network carrying out coordinated terrorist attacks across the city, using innocent, manipulation-vulnerable young men as unwitting suicide bombers. Employing his counter-intelligence training and street-level contacts, he works to identify and dismantle the network before it can execute a mass-casualty attack. Vijay stars in this slickly made Tamil action thriller that became one of the highest-grossing Tamil films of 2012.",,LB Action,,,,
172,Twice Born,2012,Sergio Castellitto,War,"Gemma, an Italian woman, returns to Sarajevo with her teenage son Diego — conceived through an unconventional arrangement during the siege of the city in the early 1990s — to revisit the place where she experienced the most intense love of her life and lost so much. As past and present interweave, the film reconstructs her relationship with Diego's father, an American photojournalist, against the extraordinary and brutal backdrop of the Bosnian War. Penélope Cruz and Emile Hirsch star in the adaptation of Margaret Mazzantini's bestselling Italian novel Venuto al mondo.",,LB War,,,,
173,Wolf Children,2012,Mamoru Hosoda,Animation,"A young university student falls in love with a mysterious man who reveals himself to be the last of a lineage of wolf-men — humans capable of transforming into wolves. After he dies suddenly, she is left alone to raise their two wolf-children, Ame and Yuki, hiding their inhuman nature from society while navigating poverty and the practical demands of single parenthood. Mamoru Hosoda's deeply felt, visually beautiful animated film follows the family across more than a decade as the children must each decide for themselves whether to live as human or wolf.",,LB Animated,,,,
